,acc,loss,mean_squared_error,val_acc,val_loss,val_mean_squared_error
0,0.9838709698125683,0.03976757667390237,0.010489732872013905,0.9405940647172456,0.33942080481304376,0.05371684492794837
