,acc,loss,mean_squared_error,val_acc,val_loss,val_mean_squared_error
0,0.9900744431663684,0.04863351664393817,0.010552692697494363,0.9455445544554455,0.21451240157567905,0.04534967024595193
