,acc,loss,mean_squared_error,val_acc,val_loss,val_mean_squared_error
0,0.9801488863327367,0.05988697505211712,0.015071068773609598,0.9455445585864606,0.16834421518563045,0.04134820256988653
