,acc,loss,mean_squared_error,val_acc,val_loss,val_mean_squared_error
0,0.9888337495605052,0.031058381642642484,0.008536353422928593,0.9405940605862306,0.3313991465927234,0.048528160900257515
