,acc,loss,mean_squared_error,val_acc,val_loss,val_mean_squared_error
0,0.9913151385470597,0.035333464327360495,0.00844398875151601,0.9405940647172456,0.34934840036200987,0.057147440973485786
