,acc,loss,mean_squared_error,val_acc,val_loss,val_mean_squared_error
0,0.9888337486730912,0.039588296631944034,0.009335562866261396,0.9455445579963155,0.35329394611644693,0.049636794242429
