,acc,loss,mean_squared_error,val_acc,val_loss,val_mean_squared_error
0,0.987593055067228,0.04237150204086268,0.011042657312937262,0.9356435673071606,0.3372559001881659,0.060750958921947214
