,acc,loss,mean_squared_error,val_acc,val_loss,val_mean_squared_error
0,0.9875930541798139,0.04583004848309406,0.011305622330786292,0.9405940647172456,0.3309316687217607,0.053530026311010614
