,acc,loss,mean_squared_error,val_acc,val_loss,val_mean_squared_error
0,0.9900744431663684,0.04076417288576136,0.009628873297619725,0.9257425760278607,0.440316899024765,0.070063639491207
