,acc,loss,mean_squared_error,val_acc,val_loss,val_mean_squared_error
0,0.9789081936142876,0.0742504157515349,0.018836651866398775,0.9356435667170157,0.1564082242686781,0.04558099804439329
