,acc,loss,mean_squared_error,val_acc,val_loss,val_mean_squared_error
0,0.987593055067228,0.042639241396841214,0.010657859925077296,0.9554455457347455,0.2646944845301093,0.042424846884263206
