,acc,loss,mean_squared_error,val_acc,val_loss,val_mean_squared_error
0,0.9900744440537824,0.04412724508347987,0.010670201806141515,0.9554455457347455,0.2579944035981201,0.03995786442028239
