,acc,loss,mean_squared_error,val_acc,val_loss,val_mean_squared_error
0,0.9739454138663507,0.07334210157218775,0.01963662279335577,0.9455445544554455,0.19198335291665639,0.04563181615083419
