,acc,loss,mean_squared_error,val_acc,val_loss,val_mean_squared_error
0,0.987593055067228,0.046483900688620974,0.010938150105340484,0.9455445579963155,0.1845012288846048,0.047220871232707844
