,acc,loss,mean_squared_error,val_acc,val_loss,val_mean_squared_error
0,0.9851116651932595,0.058109549807542196,0.014240295839577454,0.9603960431448304,0.24601695374447372,0.036279353578451454
