,acc,loss,mean_squared_error,val_acc,val_loss,val_mean_squared_error
0,0.9863523605739508,0.038620333506918694,0.009682900360502556,0.9455445585864606,0.2903778826221602,0.04899989845543547
