,acc,loss,mean_squared_error,val_acc,val_loss,val_mean_squared_error
0,0.9900744440537824,0.037820159272818246,0.009398857160968901,0.9455445585864606,0.3141561601371337,0.04986125556158753
