,acc,loss,mean_squared_error,val_acc,val_loss,val_mean_squared_error
0,0.9875930541798139,0.0458687964541417,0.010598102426904794,0.9356435667170157,0.2228000950434771,0.05304707488634863
