,acc,loss,mean_squared_error,val_acc,val_loss,val_mean_squared_error
0,0.9900744440537824,0.0452021094680089,0.010540200831050717,0.9455445544554455,0.2061245326779202,0.04652141214826923
