,acc,loss,mean_squared_error,val_acc,val_loss,val_mean_squared_error
0,0.9900744440537824,0.03201043734648473,0.0074223572424339255,0.9455445579963155,0.3241290128916811,0.04941945236258127
