,acc,loss,mean_squared_error,val_acc,val_loss,val_mean_squared_error
0,0.9875930541798139,0.0441190762055426,0.010321327556129826,0.9455445544554455,0.23674272454636502,0.05266712910040688
