,acc,loss,mean_squared_error,val_acc,val_loss,val_mean_squared_error
0,0.9900744440537824,0.03932350348879377,0.009614827532126296,0.9554455492756154,0.25828290859400194,0.04103232839311588
