,acc,loss,mean_squared_error,val_acc,val_loss,val_mean_squared_error
0,0.9454094360839048,0.13821369864245317,0.039250288420657344,0.9405940605862306,0.1426306467245121,0.03999359159278545
