,acc,loss,mean_squared_error,val_acc,val_loss,val_mean_squared_error
0,0.9900744431663684,0.038053402665966546,0.009027325103099237,0.9504950518655305,0.2982851971311614,0.04779955112590268
