,acc,loss,mean_squared_error,val_acc,val_loss,val_mean_squared_error
0,0.9875930541798139,0.04455203082436746,0.010999880482804723,0.9405940605862306,0.18938390210001166,0.04861401224462443
