,acc,loss,mean_squared_error,val_acc,val_loss,val_mean_squared_error
0,0.9863523605739508,0.05422842773076477,0.01254218469662646,0.9405940605862306,0.18134391678400374,0.04467387796576797
