,acc,loss,mean_squared_error,val_acc,val_loss,val_mean_squared_error
0,0.9516129067754627,0.1427169349529866,0.03890272374751216,0.9455445579963155,0.15690884670925023,0.04301955350928267
