,acc,loss,mean_squared_error,val_acc,val_loss,val_mean_squared_error
0,0.987593055067228,0.03825099002024984,0.010061923766237543,0.9455445615371855,0.34803482292492016,0.05324010384185024
