,acc,loss,mean_squared_error,val_acc,val_loss,val_mean_squared_error
0,0.9789081927268736,0.06895485605406702,0.017788984673722415,0.9455445544554455,0.16130086608314056,0.03795428993427128
