,acc,loss,mean_squared_error,val_acc,val_loss,val_mean_squared_error
0,0.9863523587991228,0.045956863606320904,0.010933258036910332,0.9405940641271006,0.28165911159434887,0.04890755511403574
