,acc,loss,mean_squared_error,val_acc,val_loss,val_mean_squared_error
0,0.9454094322384439,0.13753011385233097,0.03955009599984699,0.9405940570453606,0.14425201441096788,0.039239760354566985
