,acc,loss,mean_squared_error,val_acc,val_loss,val_mean_squared_error
0,0.9851116651932595,0.054123072067467894,0.013128781351511697,0.9405940647172456,0.24596033435566167,0.04541088163737546
