,acc,loss,mean_squared_error,val_acc,val_loss,val_mean_squared_error
0,0.987593055067228,0.04277340817418603,0.010381231453750504,0.9356435631761456,0.33057070553526374,0.05768091932392997
