,acc,loss,mean_squared_error,val_acc,val_loss,val_mean_squared_error
0,0.9900744422789542,0.03756855327092058,0.009677297010344883,0.9306930698970757,0.4489177138292248,0.06448713337645494
