,acc,loss,mean_squared_error,val_acc,val_loss,val_mean_squared_error
0,0.9900744431663684,0.03675355277790875,0.009358514803552037,0.9207920786177758,0.42212353269673314,0.0680493372592469
