,acc,loss,mean_squared_error,val_acc,val_loss,val_mean_squared_error
0,0.9789081909520454,0.07690546237219416,0.019606664164095455,0.9405940641271006,0.19494336314607724,0.04493366470869389
