,acc,loss,mean_squared_error,val_acc,val_loss,val_mean_squared_error
0,0.9888337495605052,0.04461340787392988,0.01057156296715006,0.9504950554064004,0.24137984518864247,0.04392674819269397
