,acc,loss,mean_squared_error,val_acc,val_loss,val_mean_squared_error
0,0.9838709715873964,0.06151527441849137,0.015463113778331329,0.9455445621273305,0.2209991535896869,0.037875634621892314
