,acc,loss,mean_squared_error,val_acc,val_loss,val_mean_squared_error
0,0.9900744440537824,0.036892216333139584,0.009206436243961,0.9257425760278607,0.41915352698323305,0.06639781876091044
