,acc,loss,mean_squared_error,val_acc,val_loss,val_mean_squared_error
0,0.9888337486730912,0.03273314866031521,0.008149603950582054,0.9356435673071606,0.3255927656694367,0.05427384033361186
