,acc,loss,mean_squared_error,val_acc,val_loss,val_mean_squared_error
0,0.9863523596865368,0.05955317642583937,0.014670505698751864,0.9356435667170157,0.25293366934647116,0.050500748715198
