,acc,loss,mean_squared_error,val_acc,val_loss,val_mean_squared_error
0,0.987593055067228,0.043406036537702176,0.010455455864479107,0.9356435673071606,0.30753609339909316,0.053920352547885686
