,acc,loss,mean_squared_error,val_acc,val_loss,val_mean_squared_error
0,0.9813895808260139,0.06382958765867125,0.015377312426605293,0.9356435708480306,0.2594282684195326,0.05217236845870088
