,acc,loss,mean_squared_error,val_acc,val_loss,val_mean_squared_error
0,0.982630274431877,0.053982388321971074,0.013242358063523885,0.9455445550455905,0.3885828967623719,0.05112394741583173
