,acc,loss,mean_squared_error,val_acc,val_loss,val_mean_squared_error
0,0.9863523605739508,0.03942138002824302,0.010567890240932293,0.9504950483246605,0.3319111619950112,0.04862862293601657
