,acc,loss,mean_squared_error,val_acc,val_loss,val_mean_squared_error
0,0.9888337495605052,0.03921087468248069,0.009773195326826446,0.9306930734379457,0.3082849466322976,0.05744621636061127
