,acc,loss,mean_squared_error,val_acc,val_loss,val_mean_squared_error
0,0.987593055067228,0.03807408594070902,0.009760821075214454,0.9405940611763756,0.27903830604270413,0.045821263641602494
