,acc,loss,mean_squared_error,val_acc,val_loss,val_mean_squared_error
0,0.9528536027477633,0.1257472103646501,0.03456679092152771,0.9554455516361954,0.1463914769932185,0.037921594260467935
