,acc,loss,mean_squared_error,val_acc,val_loss,val_mean_squared_error
0,0.9838709706999824,0.05043888699798438,0.012220553091921191,0.9405940647172456,0.3089899145125486,0.053471082591159146
