,acc,loss,mean_squared_error,val_acc,val_loss,val_mean_squared_error
0,0.9888337495605052,0.040518168478432315,0.0096438917821807,0.9405940605862306,0.2117083527226725,0.046679844293738414
