,acc,loss,mean_squared_error,val_acc,val_loss,val_mean_squared_error
0,0.9454094325342486,0.15020222634553132,0.0423701035499071,0.9554455480953254,0.14838889372156988,0.04046725365333259
