,acc,loss,mean_squared_error,val_acc,val_loss,val_mean_squared_error
0,0.9900744431663684,0.033098969011228836,0.007958563245342568,0.9455445544554455,0.31874356370566476,0.047479380725432105
