,acc,loss,mean_squared_error,val_acc,val_loss,val_mean_squared_error
0,0.9739454129789367,0.07392964260849094,0.019929314264390974,0.9356435619958556,0.3228612704580955,0.05388625854933422
