,acc,loss,mean_squared_error,val_acc,val_loss,val_mean_squared_error
0,0.9888337486730912,0.04348237204963975,0.010231651646121708,0.9504950518655305,0.20854834759968682,0.04714960379442402
