,acc,loss,mean_squared_error,val_acc,val_loss,val_mean_squared_error
0,0.9863523605739508,0.05635646741638519,0.01340110012391121,0.9356435631761456,0.16914447460503382,0.040064120162097955
