,acc,loss,mean_squared_error,val_acc,val_loss,val_mean_squared_error
0,0.9429280470973505,0.14362338003205602,0.041483295387066306,0.9356435667170157,0.1464939513935311,0.04086373847595757
