,acc,loss,mean_squared_error,val_acc,val_loss,val_mean_squared_error
0,0.9863523605739508,0.044756060201256845,0.010645674097355558,0.9455445585864606,0.3768934985784275,0.053237404374750996
