,acc,loss,mean_squared_error,val_acc,val_loss,val_mean_squared_error
0,0.9900744440537824,0.04391321621412901,0.01013218224784579,0.9356435673071606,0.2340604923429235,0.05669145389490799
