,acc,loss,mean_squared_error,val_acc,val_loss,val_mean_squared_error
0,0.9888337495605052,0.04445263135874362,0.0102562637034072,0.9455445544554455,0.2683983741615989,0.04802973526270795
