,acc,loss,mean_squared_error,val_acc,val_loss,val_mean_squared_error
0,0.9888337486730912,0.03785398648972159,0.009680958282179864,0.9356435673071606,0.3704727171311293,0.05898465313162002
