,acc,loss,mean_squared_error,val_acc,val_loss,val_mean_squared_error
0,0.9429280426602802,0.163468098837568,0.046912881804425204,0.9504950518655305,0.1514711411356336,0.04184966900565726
