,acc,loss,mean_squared_error,val_acc,val_loss,val_mean_squared_error
0,0.987593055067228,0.04053608926646132,0.010126404833046637,0.9405940647172456,0.3777160812135365,0.05638496925407589
