,acc,loss,mean_squared_error,val_acc,val_loss,val_mean_squared_error
0,0.9826302753192911,0.06888872815350072,0.01622495814856242,0.9603960466857003,0.1674909570005418,0.035268968161965474
