,acc,loss,mean_squared_error,val_acc,val_loss,val_mean_squared_error
0,0.9900744431663684,0.04314694007920453,0.00976860025352626,0.9455445544554455,0.19211147376278526,0.04267028486953614
