,acc,loss,mean_squared_error,val_acc,val_loss,val_mean_squared_error
0,0.9913151376596455,0.03123603556386054,0.007306658958217697,0.9455445579963155,0.3304010911832496,0.05286011254793503
