,acc,loss,mean_squared_error,val_acc,val_loss,val_mean_squared_error
0,0.9801488863327367,0.07142354470588701,0.017482690717535602,0.9455445550455905,0.15025465611811026,0.035299000935542564
