,acc,loss,mean_squared_error,val_acc,val_loss,val_mean_squared_error
0,0.9851116651932595,0.03736461169694761,0.009917556302793833,0.9504950524556754,0.2928387084950805,0.043967841985317224
