,acc,loss,mean_squared_error,val_acc,val_loss,val_mean_squared_error
0,0.9888337495605052,0.039483657981172,0.009000591932403644,0.9405940570453606,0.22382180530308182,0.051302277719494416
