,acc,loss,mean_squared_error,val_acc,val_loss,val_mean_squared_error
0,0.9826302762067052,0.06905691275049673,0.0172500669671146,0.9356435673071606,0.17133623928449457,0.04607611614040135
