,acc,loss,mean_squared_error,val_acc,val_loss,val_mean_squared_error
0,0.9851116634184315,0.05748871668675515,0.013829448303067603,0.9455445579963155,0.17553347155986593,0.04481544245635011
