,acc,loss,mean_squared_error,val_acc,val_loss,val_mean_squared_error
0,0.9888337486730912,0.039259215224090566,0.009852312179635668,0.9405940647172456,0.3392323270854831,0.0591064723686649
