,acc,loss,mean_squared_error,val_acc,val_loss,val_mean_squared_error
0,0.9813895826008421,0.07144037595762644,0.01752049403751477,0.9455445544554455,0.15726710943099442,0.038388185609880686
