,acc,loss,mean_squared_error,val_acc,val_loss,val_mean_squared_error
0,0.9838709706999824,0.05470218301487702,0.013405911290242909,0.9554455457347455,0.3091594542477714,0.046640316375578195
