,acc,loss,mean_squared_error,val_acc,val_loss,val_mean_squared_error
0,0.987593055067228,0.04685187174360298,0.011552891574486353,0.9405940605862306,0.21513806790745088,0.04933464942938948
