,acc,loss,mean_squared_error,val_acc,val_loss,val_mean_squared_error
0,0.9925558330403368,0.03270857906435624,0.007716150160918221,0.9554455457347455,0.29759995750312257,0.03848674341981205
