,acc,loss,mean_squared_error,val_acc,val_loss,val_mean_squared_error
0,0.9900744440537824,0.041995034989160664,0.009799306947675245,0.9356435637662907,0.3476802327615119,0.057419933899021086
