,acc,loss,mean_squared_error,val_acc,val_loss,val_mean_squared_error
0,0.9826302753192911,0.038763176185515225,0.010969463059038875,0.9455445585864606,0.2650211028247411,0.04431356720678712
