,acc,loss,mean_squared_error,val_acc,val_loss,val_mean_squared_error
0,0.987593055067228,0.04079287895008693,0.011293282048544184,0.9356435673071606,0.43163756679251214,0.06021657596704307
