,acc,loss,mean_squared_error,val_acc,val_loss,val_mean_squared_error
0,0.9900744440537824,0.037388441612537855,0.00891142365524212,0.9405940647172456,0.3397672098809461,0.05473817861212356
