,acc,loss,mean_squared_error,val_acc,val_loss,val_mean_squared_error
0,0.9900744440537824,0.04127082022788897,0.010507830545161837,0.9504950524556754,0.23014829264009154,0.03658512770016162
