,acc,loss,mean_squared_error,val_acc,val_loss,val_mean_squared_error
0,0.9913151385470597,0.03819225113642839,0.008930211104768684,0.9356435667170157,0.31698842670001715,0.05943205940044633
