,acc,loss,mean_squared_error,val_acc,val_loss,val_mean_squared_error
0,0.9863523596865368,0.03825579999706872,0.009905379043681505,0.9306930734379457,0.3591716262422004,0.05785434035634565
