,acc,loss,mean_squared_error,val_acc,val_loss,val_mean_squared_error
0,0.9478908232956311,0.13570371187446875,0.038036278873062684,0.9455445603568955,0.1408158275160459,0.03780647183395
