,acc,loss,mean_squared_error,val_acc,val_loss,val_mean_squared_error
0,0.9863523605739508,0.04574231201610655,0.011489407029669479,0.9405940647172456,0.3342434566639165,0.05453634734598476
