,acc,loss,mean_squared_error,val_acc,val_loss,val_mean_squared_error
0,0.9454094360839048,0.14225468799592025,0.04022143013570719,0.9356435631761456,0.14312395372308126,0.04039796211268052
