,acc,loss,mean_squared_error,val_acc,val_loss,val_mean_squared_error
0,0.9863523587991228,0.04642082202980854,0.012139336576356267,0.9356435637662907,0.339368454443889,0.055681829670992285
