,acc,loss,mean_squared_error,val_acc,val_loss,val_mean_squared_error
0,0.9900744431663684,0.03472680214666253,0.008461782186454011,0.9356435673071606,0.34701717253058334,0.05628785687027573
