,acc,loss,mean_squared_error,val_acc,val_loss,val_mean_squared_error
0,0.9478908206333889,0.13516879734691814,0.037774426818576116,0.9504950542261105,0.139617890931002,0.038009127230835285
