,acc,loss,mean_squared_error,val_acc,val_loss,val_mean_squared_error
0,0.9900744431663684,0.04237923994227679,0.009711861282678438,0.9504950518655305,0.2561727113839375,0.04134061400931312
