,acc,loss,mean_squared_error,val_acc,val_loss,val_mean_squared_error
0,0.9851116651932595,0.042839603886063435,0.011150580882352344,0.9405940647172456,0.32496220627451683,0.04892502188775804
