,acc,loss,mean_squared_error,val_acc,val_loss,val_mean_squared_error
0,0.9875930532923999,0.044769634604488705,0.010176608137517607,0.9455445550455905,0.22800121058310535,0.05232124337324982
