,acc,loss,mean_squared_error,val_acc,val_loss,val_mean_squared_error
0,0.9888337486730912,0.04788077495288492,0.011178438592589157,0.9455445544554455,0.22110277721496982,0.04900147882740429
