,acc,loss,mean_squared_error,val_acc,val_loss,val_mean_squared_error
0,0.9739454135705461,0.0839168484173669,0.021388867718013092,0.9405940605862306,0.15547140604714946,0.04128290173173467
