,acc,loss,mean_squared_error,val_acc,val_loss,val_mean_squared_error
0,0.9516129085502909,0.14178478351399007,0.038854787529592934,0.9405940605862306,0.13933136450624703,0.03878536199376282
