,acc,loss,mean_squared_error,val_acc,val_loss,val_mean_squared_error
0,0.9875930541798139,0.04496258000075406,0.010387374431204778,0.9356435673071606,0.23383763981527778,0.052989020388615485
