,acc,loss,mean_squared_error,val_acc,val_loss,val_mean_squared_error
0,0.9888337495605052,0.032766899417953375,0.008445937592675586,0.9405940641271006,0.3278461688732752,0.046493505422835486
