,acc,loss,mean_squared_error,val_acc,val_loss,val_mean_squared_error
0,0.9789081918394595,0.0643050392096511,0.015576539859891,0.9504950518655305,0.16133196359629384,0.03746649778972058
