,acc,loss,mean_squared_error,val_acc,val_loss,val_mean_squared_error
0,0.9888337495605052,0.04697855864015983,0.01099617054397566,0.9405940605862306,0.19993127554615886,0.04613430394779063
