,acc,loss,mean_squared_error,val_acc,val_loss,val_mean_squared_error
0,0.9888337486730912,0.035412048052676615,0.008796051356890705,0.9405940641271006,0.3442060181675452,0.046494111587102746
