,acc,loss,mean_squared_error,val_acc,val_loss,val_mean_squared_error
0,0.9838709715873964,0.059892429161129176,0.014767843920872756,0.9306930693069307,0.23758774181703418,0.05417032157168426
