,acc,loss,mean_squared_error,val_acc,val_loss,val_mean_squared_error
0,0.9863523587991228,0.05660731433251541,0.01309881305276296,0.9455445544554455,0.2116642934016625,0.03979018379208252
