,acc,loss,mean_squared_error,val_acc,val_loss,val_mean_squared_error
0,0.9801418454089064,0.06806124883129241,0.0161024319680477,0.9265536807351193,0.19179529440983878,0.05765560203995477
