,acc,loss,mean_squared_error,val_acc,val_loss,val_mean_squared_error
0,0.9843971655723897,0.06307712789387145,0.01475689653074988,0.9322034009432388,0.19308011377451278,0.05595879330224815
