,acc,loss,mean_squared_error,val_acc,val_loss,val_mean_squared_error
0,0.9106383026914394,0.30194919692709093,0.08152135108062561,0.932203396902246,0.25103461237277014,0.06367153901669939
