,acc,loss,mean_squared_error,val_acc,val_loss,val_mean_squared_error
0,0.910638299647798,0.3038916737475294,0.08180833196941208,0.932203396902246,0.24795003311108735,0.06320646361021673
