,acc,loss,mean_squared_error,val_acc,val_loss,val_mean_squared_error
0,0.98297872619426,0.06596625906197315,0.015442835205009187,0.9152542443598731,0.1900772899389267,0.05720849642954309
