,acc,loss,mean_squared_error,val_acc,val_loss,val_mean_squared_error
0,0.910638299647798,0.3030183194799626,0.08168558376108079,0.932203396902246,0.26015696131576926,0.06535528972744942
