,acc,loss,mean_squared_error,val_acc,val_loss,val_mean_squared_error
0,0.9106383029450762,0.30282286234358524,0.08162410108649984,0.932203396902246,0.26156915294922006,0.06564433639079838
