,acc,loss,mean_squared_error,val_acc,val_loss,val_mean_squared_error
0,0.9106383006623451,0.30266551273934383,0.0816072681324279,0.932203396902246,0.253375777753733,0.06406851062330149
