,acc,loss,mean_squared_error,val_acc,val_loss,val_mean_squared_error
0,0.9106383039596233,0.3016752318815982,0.08147516073659063,0.932203396902246,0.25055712259421914,0.06359443886173984
