,acc,loss,mean_squared_error,val_acc,val_loss,val_mean_squared_error
0,0.9106383029450762,0.311346217482648,0.08287561388805191,0.932203396902246,0.25188879163588507,0.06360719509233358
