,acc,loss,mean_squared_error,val_acc,val_loss,val_mean_squared_error
0,0.9106382999014347,0.3028676375429681,0.08161766373334413,0.932203396902246,0.2624438647496498,0.06582660284840454
