,acc,loss,mean_squared_error,val_acc,val_loss,val_mean_squared_error
0,0.9773049689353781,0.07115058071435766,0.017255463989629866,0.9265536807351193,0.17853716101055428,0.05377209594772173
