,acc,loss,mean_squared_error,val_acc,val_loss,val_mean_squared_error
0,0.9106383029450762,0.30597608051401504,0.08212660815804562,0.932203396902246,0.24890482375177286,0.06334039035363723
