,acc,loss,mean_squared_error,val_acc,val_loss,val_mean_squared_error
0,0.910638299647798,0.31039211058870275,0.08286313081675388,0.932203396902246,0.25426249079785107,0.06422605630704913
