,acc,loss,mean_squared_error,val_acc,val_loss,val_mean_squared_error
0,0.9106383024378025,0.31170729386045576,0.08318565578219739,0.932203396902246,0.25652660303196667,0.06464394087256012
