,acc,loss,mean_squared_error,val_acc,val_loss,val_mean_squared_error
0,0.9106383014232554,0.3034903621419947,0.08172505123818175,0.932203396902246,0.254180255077653,0.06421129601234096
