,acc,loss,mean_squared_error,val_acc,val_loss,val_mean_squared_error
0,0.9106383026914394,0.3337200846760831,0.08689748097726323,0.932203396902246,0.3253584170745591,0.08335922898377403
