,acc,loss,mean_squared_error,val_acc,val_loss,val_mean_squared_error
0,0.9106383037059865,0.3028410480377522,0.0816234744213363,0.932203396902246,0.2549724169706894,0.06435476483429893
