,acc,loss,mean_squared_error,val_acc,val_loss,val_mean_squared_error
0,0.9744680891645715,0.11478778941834226,0.029928914764697882,0.943502837318485,0.15110867053775465,0.04222590857485341
