,acc,loss,mean_squared_error,val_acc,val_loss,val_mean_squared_error
0,0.9106382988868875,0.3052153693234667,0.08205378621895897,0.932203396902246,0.25483967439602995,0.06433053245231257
