,acc,loss,mean_squared_error,val_acc,val_loss,val_mean_squared_error
0,0.9106383039596233,0.3046884504880043,0.08203524185067161,0.932203396902246,0.2528301818391024,0.0636908693744217
