,acc,loss,mean_squared_error,val_acc,val_loss,val_mean_squared_error
0,0.910638301930529,0.3097345874347585,0.08269496547018594,0.932203396902246,0.25311066589113007,0.06402212583412559
