,acc,loss,mean_squared_error,val_acc,val_loss,val_mean_squared_error
0,0.9106383006623451,0.3091534157382681,0.08283517421718607,0.932203396902246,0.24946822125022694,0.06337376189875905
