,acc,loss,mean_squared_error,val_acc,val_loss,val_mean_squared_error
0,0.9787234072989606,0.09413304506464207,0.022682086760524977,0.9265536847761122,0.1584008986414489,0.04682638805154395
