,acc,loss,mean_squared_error,val_acc,val_loss,val_mean_squared_error
0,0.9815602878306774,0.0668676537838071,0.01572492277559928,0.9265536807351193,0.19308332720045315,0.0573330796696147
