,acc,loss,mean_squared_error,val_acc,val_loss,val_mean_squared_error
0,0.9106383026914394,0.3303613446494366,0.0858869322000983,0.932203396902246,0.24998463412462654,0.06350400725032314
