,acc,loss,mean_squared_error,val_acc,val_loss,val_mean_squared_error
0,0.9801418487061846,0.08422290573411799,0.01973004702706524,0.9209039645679926,0.1691110568531489,0.05164289246984142
