,acc,loss,mean_squared_error,val_acc,val_loss,val_mean_squared_error
0,0.9106382988868875,0.3032120307075216,0.08171205616536292,0.932203396902246,0.25123067376977304,0.06370361932253434
