,acc,loss,mean_squared_error,val_acc,val_loss,val_mean_squared_error
0,0.9106382978723404,0.30256807791425827,0.08170167070199201,0.932203396902246,0.2484056616233567,0.06325938210080741
