,acc,loss,mean_squared_error,val_acc,val_loss,val_mean_squared_error
0,0.9106383037059865,0.3041128552340447,0.08181332003008178,0.932203396902246,0.2657239911919933,0.06653085565668042
