,acc,loss,mean_squared_error,val_acc,val_loss,val_mean_squared_error
0,0.9106383014232554,0.301691738975809,0.08147363269582708,0.932203396902246,0.2512193296925496,0.0637017552882938
