,acc,loss,mean_squared_error,val_acc,val_loss,val_mean_squared_error
0,0.9106383026914394,0.305631518490771,0.08214872263847513,0.932203396902246,0.2691904811535851,0.06730843966795226
