,acc,loss,mean_squared_error,val_acc,val_loss,val_mean_squared_error
0,0.9106383016768922,0.16139275735997138,0.04520406723815076,0.932203396902246,0.1806068180476205,0.047416332225173205
