,acc,loss,mean_squared_error,val_acc,val_loss,val_mean_squared_error
0,0.9106383006623451,0.32719166240793596,0.08536361905230962,0.932203396902246,0.25889683350668113,0.06416546559687387
