,acc,loss,mean_squared_error,val_acc,val_loss,val_mean_squared_error
0,0.9106383006623451,0.3083135646708468,0.08244056223515184,0.932203396902246,0.2484431140503641,0.06327392265074334
