,acc,loss,mean_squared_error,val_acc,val_loss,val_mean_squared_error
0,0.910638301930529,0.3082695185187015,0.0825376703027398,0.932203396902246,0.25069285600872365,0.0636162110998974
