,acc,loss,mean_squared_error,val_acc,val_loss,val_mean_squared_error
0,0.9106383026914394,0.3063909197741366,0.08211096187538289,0.932203396902246,0.295411047288927,0.07409427719096005
