,acc,loss,mean_squared_error,val_acc,val_loss,val_mean_squared_error
0,0.910638306749628,0.3059866115133813,0.08211462849235915,0.932203396902246,0.24798225548307776,0.06321009889371314
