,acc,loss,mean_squared_error,val_acc,val_loss,val_mean_squared_error
0,0.9801418466770903,0.07896245291575472,0.018351288985688875,0.9209039645679926,0.17641859501600266,0.05392325003986578
