,acc,loss,mean_squared_error,val_acc,val_loss,val_mean_squared_error
0,0.910638301930529,0.31159562433653687,0.08290295384110923,0.932203396902246,0.256212013757835,0.06458461758191303
