,acc,loss,mean_squared_error,val_acc,val_loss,val_mean_squared_error
0,0.9106383039596233,0.3065147124072339,0.08238068072799039,0.932203396902246,0.2503571373931432,0.06356258251530639
