,acc,loss,mean_squared_error,val_acc,val_loss,val_mean_squared_error
0,0.9106382999014347,0.30343016947203494,0.081782939237483,0.932203396902246,0.2537326277312586,0.06413148027860512
