,acc,loss,mean_squared_error,val_acc,val_loss,val_mean_squared_error
0,0.987234044328649,0.0619324895295691,0.013856854853084053,0.9265536807351193,0.1858480492827751,0.05559491520990239
