,acc,loss,mean_squared_error,val_acc,val_loss,val_mean_squared_error
0,0.910638301930529,0.30289342720457846,0.0816818644788037,0.932203396902246,0.24993620535074654,0.06349645791796305
