,acc,loss,mean_squared_error,val_acc,val_loss,val_mean_squared_error
0,0.9106383009159819,0.3195844693545331,0.08378323799672913,0.932203396902246,0.24938061782869242,0.06341124221808829
