,acc,loss,mean_squared_error,val_acc,val_loss,val_mean_squared_error
0,0.910638299647798,0.3126545697450638,0.08337372630794948,0.932203396902246,0.24976585477085436,0.06340420405554065
