,acc,loss,mean_squared_error,val_acc,val_loss,val_mean_squared_error
0,0.9843971665869368,0.06342225317308244,0.015112420603536326,0.9209039645679926,0.19696304271534337,0.058495384332195116
