,acc,loss,mean_squared_error,val_acc,val_loss,val_mean_squared_error
0,0.9106382988868875,0.30493924192925714,0.08196448485981277,0.932203396902246,0.24827092178797316,0.06324984313194025
