,acc,loss,mean_squared_error,val_acc,val_loss,val_mean_squared_error
0,0.9106383024378025,0.3021034715023447,0.08153969960168321,0.932203396902246,0.24983021717960552,0.0634800129712133
