,acc,loss,mean_squared_error,val_acc,val_loss,val_mean_squared_error
0,0.9106383006623451,0.30270025438450754,0.08164670703575966,0.932203396902246,0.2546805012024055,0.06430157248751592
