,acc,loss,mean_squared_error,val_acc,val_loss,val_mean_squared_error
0,0.98297872619426,0.07367062441846157,0.016425087211029407,0.9209039645679926,0.18448020312619412,0.055699762851502986
