,acc,loss,mean_squared_error,val_acc,val_loss,val_mean_squared_error
0,0.9773049679208309,0.07422594988441214,0.018149328200478463,0.9209039645679926,0.19655190499783573,0.0578635697530768
