,acc,loss,mean_squared_error,val_acc,val_loss,val_mean_squared_error
0,0.9106382986332507,0.30443583669814656,0.08190414233014305,0.932203396902246,0.24806496147382057,0.06322000854475013
