,acc,loss,mean_squared_error,val_acc,val_loss,val_mean_squared_error
0,0.910638299647798,0.20323701171164818,0.06084122783801657,0.932203396902246,0.18307564723289618,0.04993520132502762
