,acc,loss,mean_squared_error,val_acc,val_loss,val_mean_squared_error
0,0.9815602858015832,0.06680948502047265,0.015785806887118056,0.9209039605269997,0.18562462177695865,0.05542971050417075
