,acc,loss,mean_squared_error,val_acc,val_loss,val_mean_squared_error
0,0.9106382988868875,0.3035737414943411,0.08180085689701298,0.932203396902246,0.25734337406643365,0.06479977027086889
