,acc,loss,mean_squared_error,val_acc,val_loss,val_mean_squared_error
0,0.9106383034523498,0.3423792819076396,0.08787486582147354,0.932203396902246,0.27698705004433455,0.06518661846817171
