,acc,loss,mean_squared_error,val_acc,val_loss,val_mean_squared_error
0,0.9106383029450762,0.3055721254424846,0.08216482762128431,0.932203396902246,0.24830768522569688,0.06325494573783066
