,acc,loss,mean_squared_error,val_acc,val_loss,val_mean_squared_error
0,0.9106383006623451,0.3218692268145845,0.08357582311988114,0.932203396902246,0.2481168124635341,0.0632287120225571
