,acc,loss,mean_squared_error,val_acc,val_loss,val_mean_squared_error
0,0.9106383006623451,0.3169638216178468,0.0833565525606552,0.932203396902246,0.2509241240509486,0.06365357648770688
