,acc,loss,mean_squared_error,val_acc,val_loss,val_mean_squared_error
0,0.9106383047205336,0.1949051045991005,0.0582772502120822,0.932203396902246,0.17688867727578697,0.04827377457424241
