,acc,loss,mean_squared_error,val_acc,val_loss,val_mean_squared_error
0,0.9106383021841657,0.31223649503068723,0.08324971770907336,0.932203396902246,0.2838499030824435,0.07092385398129285
