,acc,loss,mean_squared_error,val_acc,val_loss,val_mean_squared_error
0,0.9106383009159819,0.30539174774225725,0.08213918108611983,0.932203396902246,0.2502054390260729,0.06353860440016804
