,acc,loss,mean_squared_error,val_acc,val_loss,val_mean_squared_error
0,0.9106382999014347,0.30367522477469544,0.08183337875067237,0.932203396902246,0.2492139496035495,0.06338617669702587
