,acc,loss,mean_squared_error,val_acc,val_loss,val_mean_squared_error
0,0.9801418476916374,0.06778155597362746,0.016558142899312053,0.9322034009432388,0.18991630173967047,0.05584618240181491
