,acc,loss,mean_squared_error,val_acc,val_loss,val_mean_squared_error
0,0.9106382999014347,0.30307705605283697,0.08173311691374538,0.932203396902246,0.24821389378127406,0.06324197490841656
