,acc,loss,mean_squared_error,val_acc,val_loss,val_mean_squared_error
0,0.9106383024378025,0.31418848075765243,0.0830295272944297,0.932203396902246,0.26680732935161916,0.0667703208529343
