,acc,loss,mean_squared_error,val_acc,val_loss,val_mean_squared_error
0,0.9106383011696186,0.17588834122140357,0.052487308961993204,0.932203396902246,0.1668185546236523,0.04642291968467377
