,acc,loss,mean_squared_error,val_acc,val_loss,val_mean_squared_error
0,0.9106382999014347,0.20081651394671582,0.06015958935220508,0.932203396902246,0.1814533009872598,0.049445620927391416
