,acc,loss,mean_squared_error,val_acc,val_loss,val_mean_squared_error
0,0.9106383014232554,0.15523695051670075,0.04412017761472058,0.932203396902246,0.15425880581645643,0.041501662228256464
