,acc,loss,mean_squared_error,val_acc,val_loss,val_mean_squared_error
0,0.9106383026914394,0.3047563571245112,0.08206953529189241,0.932203396902246,0.2482823082956217,0.06325142107651395
