,acc,loss,mean_squared_error,val_acc,val_loss,val_mean_squared_error
0,0.9106383026914394,0.3112804911238082,0.08263550363679198,0.932203396902246,0.27538704619569293,0.06877588619620113
