,acc,loss,mean_squared_error,val_acc,val_loss,val_mean_squared_error
0,0.910638299647798,0.3074274387765438,0.08233395569184992,0.932203396902246,0.25633150793738285,0.06460710595977509
