,acc,loss,mean_squared_error,val_acc,val_loss,val_mean_squared_error
0,0.9744680911936658,0.07918155685542745,0.019567167507596017,0.9265536807351193,0.20104148791376816,0.058159169932616224
