,acc,loss,mean_squared_error,val_acc,val_loss,val_mean_squared_error
0,0.910638299647798,0.31087804240115147,0.08298071851319772,0.932203396902246,0.2479574801558155,0.06320710218180034
