,acc,loss,mean_squared_error,val_acc,val_loss,val_mean_squared_error
0,0.9801418474380006,0.08417921006838058,0.018199461447558008,0.9265536807351193,0.21311962503497883,0.06198075093463126
