,acc,loss,mean_squared_error,val_acc,val_loss,val_mean_squared_error
0,0.9106382976187036,0.3508186584774484,0.08730037611862149,0.932203396902246,0.25645779654131096,0.06463093297966456
