,acc,loss,mean_squared_error,val_acc,val_loss,val_mean_squared_error
0,0.9106382999014347,0.17414282845689896,0.05140015596642773,0.932203396902246,0.1641628790204808,0.044761165155697676
