,acc,loss,mean_squared_error,val_acc,val_loss,val_mean_squared_error
0,0.9106383016768922,0.3088889314773235,0.08283055148067626,0.932203396902246,0.24793464602050136,0.06320430972944882
