,acc,loss,mean_squared_error,val_acc,val_loss,val_mean_squared_error
0,0.9673758912593761,0.11077133128617672,0.029101530671555628,0.9491525494446189,0.13887063148668258,0.03803115967913705
