,acc,loss,mean_squared_error,val_acc,val_loss,val_mean_squared_error
0,0.9801418464234535,0.08399903473067791,0.020222671572961152,0.9265536766941265,0.16515592062624834,0.05039357967670786
