,acc,loss,mean_squared_error,val_acc,val_loss,val_mean_squared_error
0,0.9106383039596233,0.3034964214614097,0.08177659069683324,0.932203396902246,0.25510953644574696,0.064379877647606
