,acc,loss,mean_squared_error,val_acc,val_loss,val_mean_squared_error
0,0.9106383024378025,0.3025695353112322,0.08161281438425501,0.932203396902246,0.2500263998063944,0.06351051466949915
