,acc,loss,mean_squared_error,val_acc,val_loss,val_mean_squared_error
0,0.9815602870697671,0.06775078995034416,0.016367525838939672,0.9209039645679926,0.18207488966695332,0.055688465845285744
