,acc,loss,mean_squared_error,val_acc,val_loss,val_mean_squared_error
0,0.9106382991405244,0.3027405650057691,0.08155719876844199,0.932203396902246,0.2604383699974771,0.0654123637004424
