,acc,loss,mean_squared_error,val_acc,val_loss,val_mean_squared_error
0,0.9106382993941612,0.3020480456504416,0.08154244790685938,0.932203396902246,0.24916122424400458,0.06337830989416372
