,acc,loss,mean_squared_error,val_acc,val_loss,val_mean_squared_error
0,0.9106383016768922,0.3032324065553381,0.0817268689262106,0.932203396902246,0.2510993526143543,0.06368210861238383
