,acc,loss,mean_squared_error,val_acc,val_loss,val_mean_squared_error
0,0.9106383034523498,0.30391718212594376,0.08180708282012888,0.932203396902246,0.2663713365288104,0.06667355018652092
