,acc,loss,mean_squared_error,val_acc,val_loss,val_mean_squared_error
0,0.9106383006623451,0.301729961024954,0.08147409546406979,0.932203396902246,0.2551823904958822,0.06439325055581029
