,acc,loss,mean_squared_error,val_acc,val_loss,val_mean_squared_error
0,0.910638299647798,0.30275138489743497,0.0816368985524837,0.932203396902246,0.25030915767459544,0.06355498235483291
