,acc,loss,mean_squared_error,val_acc,val_loss,val_mean_squared_error
0,0.9106383026914394,0.3091096584467178,0.08263569451234443,0.932203396902246,0.25104710358684346,0.06367357618222802
