,acc,loss,mean_squared_error,val_acc,val_loss,val_mean_squared_error
0,0.9106383006623451,0.3050645861219852,0.08201512011917347,0.932203396902246,0.24790309546357495,0.06320039141860048
