,acc,loss,mean_squared_error,val_acc,val_loss,val_mean_squared_error
0,0.9106383009159819,0.3103481505145418,0.0828403563694434,0.932203396902246,0.2676844556452864,0.06696658063743074
