,acc,loss,mean_squared_error,val_acc,val_loss,val_mean_squared_error
0,0.9801418476916374,0.07079517774363148,0.016951876196005886,0.932203396902246,0.1885102303477667,0.05662020229955472
