,acc,loss,mean_squared_error,val_acc,val_loss,val_mean_squared_error
0,0.9106382986332507,0.30219844173877797,0.0815729939002306,0.932203396902246,0.2497817929518425,0.06347252892614422
