,acc,loss,mean_squared_error,val_acc,val_loss,val_mean_squared_error
0,0.9106383037059865,0.30293486130998487,0.08165584977002854,0.932203396902246,0.25732474205857614,0.06479619077201616
