,acc,loss,mean_squared_error,val_acc,val_loss,val_mean_squared_error
0,0.9106383004087083,0.3042778995442898,0.08182285321440469,0.932203396902246,0.2594668956126197,0.06521646842613059
