,acc,loss,mean_squared_error,val_acc,val_loss,val_mean_squared_error
0,0.9815602860552199,0.0685881093897401,0.016371707569619212,0.9378531171103656,0.18359076577412375,0.051272105737722486
