,acc,loss,mean_squared_error,val_acc,val_loss,val_mean_squared_error
0,0.9787234062844135,0.08407221103602268,0.01988637409986621,0.9265536766941265,0.1682031810662504,0.05129749927634247
