,acc,loss,mean_squared_error,val_acc,val_loss,val_mean_squared_error
0,0.9106383029450762,0.3018328248820406,0.08150560801175047,0.932203396902246,0.25196809233245204,0.06382627052775884
