,acc,loss,mean_squared_error,val_acc,val_loss,val_mean_squared_error
0,0.9106383044668969,0.16244018959238174,0.04705592562503954,0.932203396902246,0.16358641295109766,0.04474465163045768
