,acc,loss,mean_squared_error,val_acc,val_loss,val_mean_squared_error
0,0.9106383026914394,0.30677952791782137,0.08222430824757891,0.932203396902246,0.25931453098685053,0.06518603413034293
