,acc,loss,mean_squared_error,val_acc,val_loss,val_mean_squared_error
0,0.9106383009159819,0.3066868706586513,0.08229537752080471,0.932203396902246,0.2479061661130291,0.0632007763863115
