,acc,loss,mean_squared_error,val_acc,val_loss,val_mean_squared_error
0,0.9106383011696186,0.3040940055821804,0.08176553833516355,0.932203396902246,0.2770251298354844,0.06917924939070717
