,acc,loss,mean_squared_error,val_acc,val_loss,val_mean_squared_error
0,0.9787234083135077,0.07618693089548578,0.018123397672365597,0.9209039645679926,0.17578966596747858,0.05377641442563322
