,acc,loss,mean_squared_error,val_acc,val_loss,val_mean_squared_error
0,0.9106383006623451,0.30712532141107196,0.0824618592303484,0.932203396902246,0.2500656999773898,0.06343430048644037
