,acc,loss,mean_squared_error,val_acc,val_loss,val_mean_squared_error
0,0.9106383009159819,0.33213445170128597,0.08824088559040126,0.932203396902246,0.2902964781654083,0.0657149082744273
