,acc,loss,mean_squared_error,val_acc,val_loss,val_mean_squared_error
0,0.9106383009159819,0.30571404622590287,0.08205432426778878,0.932203396902246,0.2501188799486322,0.06352499389421132
