,acc,loss,mean_squared_error,val_acc,val_loss,val_mean_squared_error
0,0.9659574506130625,0.11361069054679668,0.028907425624338238,0.9378531171103656,0.15233828695648807,0.043101395918372074
