,acc,loss,mean_squared_error,val_acc,val_loss,val_mean_squared_error
0,0.910638301930529,0.31133184921234214,0.08318646915177716,0.932203396902246,0.252422030194331,0.06390326836351622
