,acc,loss,mean_squared_error,val_acc,val_loss,val_mean_squared_error
0,0.9106383009159819,0.3043068743766622,0.08192922436493508,0.932203396902246,0.25074242838358474,0.06362418795667463
