,acc,loss,mean_squared_error,val_acc,val_loss,val_mean_squared_error
0,0.9106383029450762,0.3039715599189413,0.08190571477517802,0.932203396902246,0.25352520457768846,0.0640947993655326
