,acc,loss,mean_squared_error,val_acc,val_loss,val_mean_squared_error
0,0.9106383029450762,0.3030922366900647,0.08174915133004493,0.932203396902246,0.2506139424897857,0.06360353160081274
