,acc,loss,mean_squared_error,val_acc,val_loss,val_mean_squared_error
0,0.9787234072989606,0.08000485154780301,0.019234941325409267,0.9209039645679926,0.1765109474565518,0.053174348375898135
