,acc,loss,mean_squared_error,val_acc,val_loss,val_mean_squared_error
0,0.9106383016768922,0.3118842618896606,0.08315467878859094,0.932203396902246,0.24793617351580474,0.06320465482392554
