,acc,loss,mean_squared_error,val_acc,val_loss,val_mean_squared_error
0,0.9106383037059865,0.16166829397069646,0.047161635875384855,0.932203396902246,0.15889148843490472,0.043184607329194324
