,acc,loss,mean_squared_error,val_acc,val_loss,val_mean_squared_error
0,0.9106383006623451,0.31820495103267915,0.08397978667090548,0.932203396902246,0.2480794519691144,0.06322366381221908
