,acc,loss,mean_squared_error,val_acc,val_loss,val_mean_squared_error
0,0.9106382988868875,0.3029934359674758,0.08177631861787844,0.932203396902246,0.24848765437885867,0.06326859670107142
