,acc,loss,mean_squared_error,val_acc,val_loss,val_mean_squared_error
0,0.9106382988868875,0.30625323180822617,0.0822030774694174,0.932203396902246,0.24924673670429295,0.06339109398550906
