,acc,loss,mean_squared_error,val_acc,val_loss,val_mean_squared_error
0,0.9829787274624439,0.07391301750978257,0.01706034323616087,0.9209039645679926,0.18127663117849221,0.0548239458400176
