,acc,loss,mean_squared_error,val_acc,val_loss,val_mean_squared_error
0,0.9106383029450762,0.3021315445291235,0.08154183617456162,0.932203396902246,0.25086125529418557,0.06364338472485542
