,acc,loss,mean_squared_error,val_acc,val_loss,val_mean_squared_error
0,0.9106382999014347,0.30493718499832967,0.08200011779256958,0.932203396902246,0.24798467553268044,0.0632110210609133
