,acc,loss,mean_squared_error,val_acc,val_loss,val_mean_squared_error
0,0.9106382999014347,0.30312534298034427,0.0816902021104668,0.932203396902246,0.2523582875728607,0.06389239165237394
