,acc,loss,mean_squared_error,val_acc,val_loss,val_mean_squared_error
0,0.9106383006623451,0.3041403149036651,0.08182536732960255,0.932203396902246,0.2563548381045713,0.0646115024337324
