,acc,loss,mean_squared_error,val_acc,val_loss,val_mean_squared_error
0,0.9106383037059865,0.30789375901222227,0.08247383922695163,0.932203396902246,0.25481010089486333,0.06385686733933577
